"id","test_auc","test_acc","test_sens","test_spec","test_Top10Lift","test_Top20Lift","test_Top30Lift","test_Top40Lift","test_Top50Lift","train_auc","train_acc","train_sens","train_spec","train_Top10Lift","train_Top20Lift","train_Top30Lift","train_Top40Lift","train_Top50Lift"
"p_1",0.842964408103466,0.746018202502844,0.801518438177874,0.726291441788743,2.81070671465194,2.55568120193256,2.22469064287123,1.95881298067442,1.60303687635575,0.854557381175994,0.777335984095427,0.73367995378394,0.819553072625698,1.79380554850178,1.74071784535297,1.69321832148299,1.62616017013713,1.54680802437786
