"id","test_auc","test_acc","test_sens","test_spec","test_Top10Lift","test_Top20Lift","test_Top30Lift","test_Top40Lift","test_Top50Lift","train_auc","train_acc","train_sens","train_spec","train_Top10Lift","train_Top20Lift","train_Top30Lift","train_Top40Lift","train_Top50Lift"
"p_1",0.84378810102406,0.744596131968146,0.789587852494577,0.728604471858134,2.79985456517452,2.57195942614869,2.21383849339381,1.95609994330507,1.57917570498915,0.848631685729103,0.774495881851747,0.813926940639269,0.73544375353307,1.84984044209215,1.79274660128684,1.71852460823993,1.6214650788709,1.5301149335824
