"id","test_auc","test_acc","test_sens","test_spec","test_Top10Lift","test_Top20Lift","test_Top30Lift","test_Top40Lift","test_Top50Lift","train_auc","train_acc","train_sens","train_spec","train_Top10Lift","train_Top20Lift","train_Top30Lift","train_Top40Lift","train_Top50Lift"
"p_1",0.841744339097227,0.744880546075085,0.797180043383948,0.726291441788743,2.8432631630842,2.53397690297772,2.21745587655295,1.95881298067442,1.5943600867679,0.855213027646139,0.77108775915933,0.734883720930233,0.805663520266519,1.81061973146232,1.76618734541416,1.67732257331785,1.61761655456565,1.53180650901015
