"id","test_auc","test_acc","test_sens","test_spec","test_Top10Lift","test_Top20Lift","test_Top30Lift","test_Top40Lift","test_Top50Lift","train_auc","train_acc","train_sens","train_spec","train_Top10Lift","train_Top20Lift","train_Top30Lift","train_Top40Lift","train_Top50Lift"
"p_1",0.839868660700391,0.739476678043231,0.796095444685466,0.719352351580571,2.76729811674226,2.50142045454545,2.19213419443897,1.96152601804378,1.59219088937093,0.852636206418137,0.77108775915933,0.802961275626424,0.739376770538244,1.81714478929385,1.7573328134707,1.70511600918064,1.63913295648685,1.5403007869124
