"id","test_auc","test_acc","test_sens","test_spec","test_Top10Lift","test_Top20Lift","test_Top30Lift","test_Top40Lift","test_Top50Lift","train_auc","train_acc","train_sens","train_spec","train_Top10Lift","train_Top20Lift","train_Top30Lift","train_Top40Lift","train_Top50Lift"
"p_1",0.843547264921384,0.741467576791809,0.803687635574837,0.719352351580571,2.90837605994873,2.50684652928416,2.21383849339381,1.95609994330507,1.60737527114967,0.844814889633392,0.765691564896336,0.715086932136848,0.817606444188723,1.79567684904279,1.7467561656554,1.68248781689159,1.63308751896119,1.54474252013809
