"id","test_auc","test_acc","test_sens","test_spec","test_Top10Lift","test_Top20Lift","test_Top30Lift","test_Top40Lift","test_Top50Lift","train_auc","train_acc","train_sens","train_spec","train_Top10Lift","train_Top20Lift","train_Top30Lift","train_Top40Lift","train_Top50Lift"
"p_1",0.844139320340445,0.747724687144482,0.79175704989154,0.732074016962221,2.82155886412936,2.57195942614869,2.22830802603037,1.96695209278249,1.58351409978308,0.852878581085226,0.777335984095427,0.736721873215306,0.817514124293785,1.84798247303544,1.76038697354905,1.71423450607773,1.62475523240883,1.55298343605547
