"id","test_auc","test_acc","test_sens","test_spec","test_Top10Lift","test_Top20Lift","test_Top30Lift","test_Top40Lift","test_Top50Lift","train_auc","train_acc","train_sens","train_spec","train_Top10Lift","train_Top20Lift","train_Top30Lift","train_Top40Lift","train_Top50Lift"
"p_1",0.843313954946918,0.747440273037543,0.79826464208243,0.729375481881264,2.83241101360678,2.54482905245514,2.23192540918951,1.9723781675212,1.59652928416486,0.851532083668633,0.766827605793809,0.796794504865484,0.737316798196167,1.88376339959411,1.79501466800229,1.72916883488578,1.62181149828277,1.5264781833793
