"id","test_auc","test_acc","test_sens","test_spec","test_Top10Lift","test_Top20Lift","test_Top30Lift","test_Top40Lift","test_Top50Lift","train_auc","train_acc","train_sens","train_spec","train_Top10Lift","train_Top20Lift","train_Top30Lift","train_Top40Lift","train_Top50Lift"
"p_1",0.844060714112494,0.739192263936291,0.816702819956616,0.711642251349268,2.7890024156971,2.53397690297772,2.21745587655295,1.98865639173733,1.63340563991323,0.844577098211836,0.768247656915649,0.721613832853026,0.813549832026876,1.76421886134582,1.76141851394686,1.68954293070684,1.6200009702993,1.52674940191388
