"id","test_auc","test_acc","test_sens","test_spec","test_Top10Lift","test_Top20Lift","test_Top30Lift","test_Top40Lift","test_Top50Lift","train_auc","train_acc","train_sens","train_spec","train_Top10Lift","train_Top20Lift","train_Top30Lift","train_Top40Lift","train_Top50Lift"
"p_1",0.839312145331208,0.736063708759955,0.796095444685466,0.714726291441789,2.73474166831,2.5231247535003,2.23916017550779,1.93710868171958,1.59219088937093,0.852294183315261,0.767963646691281,0.810227272727273,0.72572402044293,1.84143207644628,1.73913029442149,1.72965790719697,1.63540765431302,1.53680010330579
