"id","test_auc","test_acc","test_sens","test_spec","test_Top10Lift","test_Top20Lift","test_Top30Lift","test_Top40Lift","test_Top50Lift","train_auc","train_acc","train_sens","train_spec","train_Top10Lift","train_Top20Lift","train_Top30Lift","train_Top40Lift","train_Top50Lift"
"p_1",0.841498903693997,0.729806598407281,0.814533622559653,0.699691595990748,2.85411531256163,2.53397690297772,2.20298634391639,1.95881298067442,1.62906724511931,0.842854120231287,0.764839534223232,0.706470588235294,0.819330038440417,1.78524068943138,1.69185886875343,1.6296043216348,1.58474442738755,1.50179939843243
